title,url,thumbnail_url,channel,description
"Red (Remake Of Thadam) 2023 New Released South Hindi Dubbed Movie | Ram Pothineni, Nivetha Pethuraj",https://www.youtube.com/watch?v=6UeLU0uWGbU,https://i.ytimg.com/vi/6UeLU0uWGbU/hqdefault.jpg?sqp=-oaymwEcCPYBEIoBSFXyq4qpAw4IARUAAIhCGAFwAcABBg==&rs=AOn4CLBlN4djT0fKWGBanXWQv9FLRT2gDA,Goldmines,"Two lookalikes get embroiled in a murder investigation and become the prime suspects. However, as new facts come to light, the case gets complicated. Movie:- Red (Thadam) Starcast:- Ram Pothineni,..."
Yaar Chale Bahar Season 2 | Episode 1 - Bad Girl | EP 2 - 8th April | Latest Punjabi Web Series 2023,https://www.youtube.com/watch?v=1BIQyfu_Wkk,https://i.ytimg.com/vi/1BIQyfu_Wkk/hqdefault.jpg?sqp=-oaymwEcCPYBEIoBSFXyq4qpAw4IARUAAIhCGAFwAcABBg==&rs=AOn4CLAFENt0nzSn0-W-C6WIYcvrZVvu5A,Troll Punjabi,"After the huge success of Season 1, We are back with a 1st Episode of ""Yaar Chale Bahar Season 2"". Created by Rabby Tiwana, Sponsored by ""Flying Feathers"" and Presented by ""Dfavo"". Download..."
I GOT A LAMBORGHINI ğŸ˜,https://www.youtube.com/watch?v=BOvTRsP9vNA,,Mythpat,Thank you so much for all the support! Finally got a New Supercar Lamborghini in India! thanks Prasad - https://www.instagram.com/prasad.nagarkar Thank you Big Boy Toyz my insta - https://www.in...
JISOO - â€˜ê½ƒ(FLOWER)â€™ M/V,https://www.youtube.com/watch?v=YudHcBIxlYw,,BLACKPINK,JISOO - â€˜ê½ƒ(FLOWER)â€™ ABC ë„ë ˆë¯¸ë§Œí¼ ì°©í–ˆë˜ ë‚˜ ê·¸ ëˆˆë¹›ì´ ì‹¹ ë³€í–ˆì§€ ì–´ì©Œë©´ ì´ ë˜í•œ ë‚˜ë‹ˆê¹Œ   ë‚œ íŒŒë€ ë‚˜ë¹„ì²˜ëŸ¼ ë‚ ì•„ê°€ ì¡ì§€ ëª»í•œ ê±´ ë‹¤ ë„¤ ëª«ì´ë‹ˆê¹Œ...
Every Indian And Navratri | Ft. Tena Jaiin | The Paayal Jain,https://www.youtube.com/watch?v=9fAbGObQ-sE,,The Paayal Jain,"Hey Guys , This Video is all about every indian and navratri . what people do on 9 days of navratri . sisters fasting on Navratri to loose weight as well as to worship and bribe mata rani to..."
Ghum Hai Kisikey Pyaar Meiin | Aakhir Kyon Liya Sai Ne Ye Faisla?,https://www.youtube.com/watch?v=TBa5KQzbmtY,,StarPlus,"Jiska haath thaamne chale hai Virat, usne chunn liya hai kisi aur ka saath. Par aakhir kyon liya Sai ne Dr. Satya se shaadi karneka faisla? Iss #BumperApril mein dekhiye, #GhumHaiKisikeyPyaarMeiin..."
"Bathukamma - Kisi Ka Bhai Kisi Ki Jaan | Salman Khan, Pooja Hegde, Venkatesh D | Santhosh V, Ravi B",https://www.youtube.com/watch?v=tdOg8X0RV9I,,Zee Music Company,ğŸ‘‰ğŸ» SUBSCRIBE to Zee Music Company - https://bit.ly/2yPcBkS Song: Bathukamma Movie: Kisi Ka Bhai Kisi Ki Jaan Composer: Ravi Basrur Hindi Lyrics: Shabbir Ahmed & Ravi Basrur Telugu...
Backbenchers - College Life | Ep - 11 | Dora Sai Teja | Varsha Dsouza | Tej India | Infinitum Media,https://www.youtube.com/watch?v=GPusNUmForc,,Tej India,Watch Backbenchers Anthem Full Video Song ğŸ‘‰ ğŸ‘‰ğŸ‘‰ https://youtu.be/NlQMVwKNn_0 Backbenchers are back! But this time they're in the Intercollege with a bigger bang!! Disclaimer: We...
Chatrapathi - Official Teaser | Bellamkonda Sai Sreenivas | Pen Studios | In Cinemas 12 May 2023,https://www.youtube.com/watch?v=zLNHpnE3-KI,,Pen Movies,"Presenting the official teaser of the upcoming Bollywood movie, Chatrapathi introducing Bellamkonda Sai Sreenivas. The film is directed by V.V. Vinayak, Presented by Dr. Jayantilal Gada and..."
Savdhan Haryana | à¤¸à¤¾à¤µà¤§à¤¾à¤¨ à¤‡à¤‚à¤¡à¤¿à¤¯à¤¾ Spoof - Elvish Yadav,https://www.youtube.com/watch?v=rMyQlmocjKQ,,Elvish yadav,"Download the OctaFX Trading App and double your deposit with the promo code ELVISH ğŸ  Press https://bit.ly/OctaFX_ElvishYadav and get 5,000 USD on your demo account! Start getting your..."
